date;categoryName;payee;comment;outcomeAccountName;outcome;outcomeCurrencyShortTitle;incomeAccountName;income;incomeCurrencyShortTitle;createdDate;changedDate;qrCode
2020-08-18;;;;"ХАЛЫК";"2500";KZT;"ХАЛЫК";"0";KZT;"2020-08-18 17:49:53";"2020-08-18 22:23:27";
2020-08-13;;;"ПРИЕМ ВКЛАДА, НОМЕР ДОГОВОРА = ""KZ286017343000018462"", НОМЕР КАРТОЧНОГО СЧЕТА = ""KZ106010002008066113""";"ХАЛЫК";"51000";KZT;"ХАЛЫК";"0";KZT;"2020-08-13 17:45:22";"2020-08-18 22:23:27";
2020-08-11;;"YM.INTERNET";;"ХАЛЫК";"11852";KZT;"ХАЛЫК";"0";KZT;"2020-08-11 23:00:01";"2020-08-18 22:23:27";
2020-08-11;;"YM OZEROVANASTYA";;"ХАЛЫК";"148150";KZT;"ХАЛЫК";"0";KZT;"2020-08-11 23:00:00";"2020-08-18 22:23:27";
2020-08-11;;;;"ХАЛЫК";"2000";KZT;"ХАЛЫК";"0";KZT;"2020-08-11 18:01:06";"2020-08-18 22:23:27";
2020-08-10;;"MOBILE FUNDS TRANSFER";;"ХАЛЫК";"10650";KZT;"ХАЛЫК";"0";KZT;"2020-08-10 18:38:24";"2020-08-18 22:23:27";
2020-08-10;;;;"ХАЛЫК";"51500";KZT;"ХАЛЫК";"0";KZT;"2020-08-10 18:01:30";"2020-08-18 22:23:27";
2020-08-09;;;"ТОО РЕДПРАЙС";"ХАЛЫК";"0";KZT;"ХАЛЫК";"300000";KZT;"2020-08-09 23:00:00";"2020-08-18 22:23:27";
2020-08-08;"Платежи, комиссии";"YANDEX.TAXI";;"ХАЛЫК";"1240";KZT;"ХАЛЫК";"0";KZT;"2020-08-08 11:03:46";"2020-08-18 22:23:27";
2020-08-08;;;;"ХАЛЫК";"1500";KZT;"ХАЛЫК";"0";KZT;"2020-08-08 14:48:49";"2020-08-18 22:23:27";
2020-08-07;"Платежи, комиссии";"YANDEX.TAXI";;"ХАЛЫК";"1670";KZT;"ХАЛЫК";"0";KZT;"2020-08-07 23:00:00";"2020-08-18 22:23:27";
2020-08-07;"Платежи, комиссии";"YANDEX.TAXI";;"ХАЛЫК";"1210";KZT;"ХАЛЫК";"0";KZT;"2020-08-07 23:00:02";"2020-08-18 22:23:27";
2020-08-07;"Кафе и рестораны";"WOLT ENTERPRISES OY";;"ХАЛЫК";"8752.42";KZT;"ХАЛЫК";"0";KZT;"2020-08-07 10:43:50";"2020-08-18 22:23:27";
2020-08-06;"Продукты";"NUR SHOP";;"ХАЛЫК";"360";KZT;"ХАЛЫК";"0";KZT;"2020-08-06 10:00:13";"2020-08-08 14:53:51";
2020-08-05;"Кафе и рестораны";"STARBUCKS COFFEE HOUSE";;"ХАЛЫК";"700";KZT;"ХАЛЫК";"0";KZT;"2020-08-05 12:13:46";"2020-08-06 09:24:25";
2020-08-05;;"KUNAEV ST. 77";;"ХАЛЫК";"12000";KZT;"ХАЛЫК";"0";KZT;"2020-08-04 23:00:00";"2020-08-06 09:24:25";
2020-08-05;;"MOBILE FUNDS TRANSFER";;"ХАЛЫК";"12000";KZT;"ХАЛЫК";"0";KZT;"2020-08-05 09:00:52";"2020-08-06 09:24:25";
2020-08-05;;;"P2P HB3 INNER 3D";"ХАЛЫК";"970";KZT;"ХАЛЫК";"0";KZT;"2020-08-05 13:44:53";"2020-08-06 09:24:25";
2020-08-05;"Кафе и рестораны";"STARBUCKS COFFEE HOUSE";;"ХАЛЫК";"1900";KZT;"ХАЛЫК";"0";KZT;"2020-08-05 10:54:23";"2020-08-06 09:24:25";
2020-08-04;;"MOBILE FUNDS TRANSFER";;"ХАЛЫК";"12150";KZT;"ХАЛЫК";"0";KZT;"2020-08-04 19:44:23";"2020-08-06 09:24:25";
2020-08-04;;;"ТОО РЕДПРАЙС";"ХАЛЫК";"0";KZT;"ХАЛЫК";"214580";KZT;"2020-08-03 23:00:00";"2020-08-06 09:24:25";
2020-08-03;"Кафе и рестораны";"TOO  TRALGARANT";;"ХАЛЫК";"4960";KZT;"ХАЛЫК";"0";KZT;"2020-08-02 23:00:00";"2020-08-06 09:24:25";
2020-08-02;;;"P2P HB3 WITHOUT 3D";"ХАЛЫК";"2000";KZT;"ХАЛЫК";"0";KZT;"2020-08-01 23:07:30";"2020-08-06 09:24:25";
2020-08-01;;;;"ХАЛЫК";"1000";KZT;"ХАЛЫК";"0";KZT;"2020-08-01 14:55:53";"2020-08-06 09:24:25";
2020-08-01;;"HOMEBANK INTERNATIONAL";;"ХАЛЫК";"2673.21";KZT;"ХАЛЫК";"0";KZT;"2020-08-01 22:43:33";"2020-08-06 09:24:25";
2020-08-01;;;"P2P HB3 INNER 3D";"ХАЛЫК";"1533";KZT;"ХАЛЫК";"0";KZT;"2020-08-01 14:55:23";"2020-08-06 09:24:25";
2020-07-29;"Кафе и рестораны";"TOO SHEFKAZAN";;"ХАЛЫК";"850";KZT;"ХАЛЫК";"0";KZT;"2020-07-28 23:00:01";"2020-08-01 11:30:26";
2020-07-29;"Здоровье и фитнес";"APTEKAPLUS DRUG STORE";;"ХАЛЫК";"13500";KZT;"ХАЛЫК";"0";KZT;"2020-07-29 15:49:56";"2020-08-01 11:30:26";
2020-07-29;;;"P2P HB3 INNER 3D";"ХАЛЫК";"10000";KZT;"ХАЛЫК";"0";KZT;"2020-07-29 15:52:13";"2020-08-01 11:30:26";
2020-07-29;;"YM OZEROVANASTYA";;"ХАЛЫК";"29907";KZT;"ХАЛЫК";"0";KZT;"2020-07-28 23:00:00";"2020-08-01 11:30:26";
2020-07-28;;"ASIAPAY.KZ";;"ХАЛЫК";"13005";KZT;"ХАЛЫК";"0";KZT;"2020-07-28 00:14:21";"2020-07-28 10:24:20";
2020-07-28;"Продукты";"PAYBOX.MONEY*INSTASHOP.KZ";;"ХАЛЫК";"7387.11";KZT;"ХАЛЫК";"0";KZT;"2020-07-28 10:23:48";"2020-07-28 23:25:23";
2020-07-24;"Кафе и рестораны";"STARBUCKS KOFFEYNYA";;"ХАЛЫК";"3400";KZT;"ХАЛЫК";"0";KZT;"2020-07-24 15:03:52";"2020-07-28 10:24:20";
2020-07-23;"Продукты";"TOO COFFEE EXPERT";;"ХАЛЫК";"1300";KZT;"ХАЛЫК";"0";KZT;"2020-07-22 23:00:00";"2020-07-28 10:24:20";
2020-07-23;;;"P2P HB3 INNER 3D";"ХАЛЫК";"5100";KZT;"ХАЛЫК";"0";KZT;"2020-07-23 12:07:42";"2020-07-28 10:24:20";
2020-07-22;;;"P2P HB3 INNER 3D";"ХАЛЫК";"23250";KZT;"ХАЛЫК";"0";KZT;"2020-07-22 13:38:43";"2020-07-22 17:46:46";
2020-07-22;;;;"ХАЛЫК";"0";KZT;"ХАЛЫК";"50";KZT;"2020-07-22 13:28:21";"2020-07-22 17:46:46";
2020-07-22;;;;"ХАЛЫК";"23100";KZT;"ХАЛЫК";"0";KZT;"2020-07-22 13:32:12";"2020-07-22 17:46:46";
2020-07-22;;;;"ХАЛЫК";"500";KZT;"ХАЛЫК";"0";KZT;"2020-07-22 12:54:45";"2020-07-22 17:46:46";
2020-07-22;;;;"ХАЛЫК";"0";KZT;"ХАЛЫК";"495";KZT;"2020-07-22 12:31:46";"2020-07-22 17:46:46";
2020-07-21;;;;"ХАЛЫК";"500";KZT;"ХАЛЫК";"0";KZT;"2020-07-21 20:38:49";"2020-07-21 21:38:45";
2020-07-21;;;"YANDEX.MONEY";"ХАЛЫК";"2713.5";KZT;"ХАЛЫК";"0";KZT;"2020-07-21 20:02:59";"2020-07-28 10:24:20";
2020-07-21;"Машина";"Яндекс такси";;"АТФ";"700";KZT;"АТФ";"0";KZT;"2020-07-21 17:26:52";"2020-07-21 17:26:54";
2020-07-21;"Машина";"Яндекс такси";;"АТФ";"830";KZT;"АТФ";"0";KZT;"2020-07-21 10:14:30";"2020-07-21 10:14:30";
2020-07-21;;;;"Наличные";"0";KZT;"Наличные";"2595";KZT;"2020-07-21 09:04:20";"2020-07-21 09:04:34";
2020-07-20;;;"P2P HB3 INNER 3D";"ХАЛЫК";"35688";KZT;"ХАЛЫК";"0";KZT;"2020-07-20 11:30:20";"2020-07-20 21:02:18";
2020-07-19;"Машина";"Яндекс такси";;"АТФ";"140";KZT;"АТФ";"0";KZT;"2020-07-21 09:17:16";"2020-07-21 09:17:20";
2020-07-19;"Машина";"Яндекс такси";;"АТФ";"880";KZT;"АТФ";"0";KZT;"2020-07-21 09:16:55";"2020-07-21 09:16:56";
2020-07-19;"Кафе и рестораны";"Вольт";;"АТФ";"6016.18";KZT;"АТФ";"0";KZT;"2020-07-21 09:16:41";"2020-07-21 09:16:42";
2020-07-19;;;"YANDEX.MONEY";"ХАЛЫК";"9062.25";KZT;"ХАЛЫК";"0";KZT;"2020-07-19 09:36:08";"2020-07-21 09:02:40";
2020-07-18;"Машина";"Яндекс такси";;"АТФ";"920";KZT;"АТФ";"0";KZT;"2020-07-21 09:16:22";"2020-07-21 09:16:23";
2020-07-17;"Машина";"Яндекс такси";;"АТФ";"1100";KZT;"АТФ";"0";KZT;"2020-07-21 09:15:56";"2020-07-21 09:15:58";
2020-07-17;"Подарок";;;"АТФ";"0";KZT;"АТФ";"12000";KZT;"2020-07-21 09:15:34";"2020-07-21 09:15:36";
2020-07-17;"Кафе и рестораны";"Вольт";;"АТФ";"10057.81";KZT;"АТФ";"0";KZT;"2020-07-21 09:14:40";"2020-07-21 09:14:42";
2020-07-17;;"SURNAME1, NAME1:NAME1 SURNAME1";;"ХАЛЫК";"0";KZT;"ХАЛЫК";"5200";KZT;"2020-07-17 11:18:02";"2020-07-18 19:59:59";
2020-07-16;"Машина";"Яндекс такси";;"АТФ";"840";KZT;"АТФ";"0";KZT;"2020-07-21 09:14:14";"2020-07-21 09:14:15";
2020-07-16;;;"POPOLNENIE KARTOCHNOGO SCHETA CHEREZ PLATEZHNYI TERMINAL";"ХАЛЫК";"0";KZT;"ХАЛЫК";"40000";KZT;"2020-07-16 11:16:25";"2020-07-17 20:03:34";
2020-07-16;"Кафе и рестораны";"STARBUCKS KOFFEYNYA";;"ХАЛЫК";"1700";KZT;"ХАЛЫК";"0";KZT;"2020-07-16 14:15:56";"2020-07-17 20:03:34";
2020-07-16;;;"POPOLNENIE KARTOCHNOGO SCHETA CHEREZ PLATEZHNYI TERMINAL";"ХАЛЫК";"0";KZT;"ХАЛЫК";"500";KZT;"2020-07-16 11:17:38";"2020-07-17 20:03:34";
2020-07-15;"Кафе и рестораны";"STARBUCKS COFFEE HOUSE";;"ХАЛЫК";"1200";KZT;"ХАЛЫК";"0";KZT;"2020-07-15 12:16:54";"2020-07-17 20:03:34";
2020-07-15;"Продукты";"MAGNUM CASH&CARRY AF19";;"ХАЛЫК";"379";KZT;"ХАЛЫК";"0";KZT;"2020-07-15 16:23:20";"2020-07-17 20:03:34";
2020-07-15;"Кафе и рестораны";"STARBUCKS COFFEE HOUSE";;"ХАЛЫК";"1700";KZT;"ХАЛЫК";"0";KZT;"2020-07-15 08:21:51";"2020-07-17 20:03:34";
2020-07-14;;;"ТОО РЕДПРАЙС";"ХАЛЫК";"0";KZT;"ХАЛЫК";"20000";KZT;"2020-07-13 23:00:00";"2020-07-17 20:03:34";
2020-07-13;"Машина";"Яндекс такси";;"АТФ";"510";KZT;"АТФ";"0";KZT;"2020-07-21 09:14:00";"2020-07-21 09:14:01";
2020-07-13;"Кафе и рестораны";"TOO  TRALGARANT";;"ХАЛЫК";"2040";KZT;"ХАЛЫК";"0";KZT;"2020-07-12 23:00:00";"2020-07-17 20:03:34";
2020-07-13;"Образование";"WWW.FLIP.KZ";;"ХАЛЫК";"19759";KZT;"ХАЛЫК";"0";KZT;"2020-07-13 16:32:51";"2020-07-17 20:03:34";
2020-07-13;"Продукты";"PAYBOX.MONEY*INSTASHOP.KZ";;"ХАЛЫК";"9563.38";KZT;"ХАЛЫК";"0";KZT;"2020-07-13 20:15:47";"2020-07-17 20:03:34";
2020-07-11;"Кафе и рестораны";"MARRONE ROSSO CAFE";;"ХАЛЫК";"3250";KZT;"ХАЛЫК";"0";KZT;"2020-07-11 10:37:50";"2020-07-17 20:03:34";
2020-07-11;"Платежи, комиссии";"ACTIV";;"ХАЛЫК";"1700";KZT;"ХАЛЫК";"0";KZT;"2020-07-11 10:17:19";"2020-07-17 20:03:34";
2020-07-10;"Кафе и рестораны";"TOO SHEFKAZAN";;"ХАЛЫК";"1700";KZT;"ХАЛЫК";"0";KZT;"2020-07-09 23:00:00";"2020-07-17 20:03:34";
2020-07-10;;;"ТОО РЕДПРАЙС";"ХАЛЫК";"0";KZT;"ХАЛЫК";"118570";KZT;"2020-07-09 23:00:01";"2020-07-17 20:03:34";
2020-07-09;"Кафе и рестораны";"IP ""MALKEYEV A.E.""";;"ХАЛЫК";"5280";KZT;"ХАЛЫК";"0";KZT;"2020-07-08 23:00:00";"2020-07-17 20:03:34";
2020-07-08;"Кафе и рестораны";"Вольт";;"АТФ";"4033.06";KZT;"АТФ";"0";KZT;"2020-07-21 09:13:39";"2020-07-21 09:13:40";
2020-07-07;"Отдых и развлечения";"Яндекс музыка";;"АТФ";"854.5";KZT;"АТФ";"0";KZT;"2020-07-21 09:13:17";"2020-07-21 09:13:19";
2020-07-07;;;"P2P HB3 INNER 3D";"ХАЛЫК";"4150";KZT;"ХАЛЫК";"0";KZT;"2020-07-07 19:14:02";"2020-07-17 20:03:34";
2020-07-07;;;"P2P HB3 INNER 3D";"ХАЛЫК";"680";KZT;"ХАЛЫК";"0";KZT;"2020-07-07 22:09:16";"2020-07-17 20:03:34";
2020-07-07;"Кафе и рестораны";"TOO SHEFKAZAN";;"ХАЛЫК";"2450";KZT;"ХАЛЫК";"0";KZT;"2020-07-06 23:00:00";"2020-07-17 20:03:34";
2020-07-06;"Машина";"Яндекс такси";;"АТФ";"730";KZT;"АТФ";"0";KZT;"2020-07-21 09:12:30";"2020-07-21 09:12:31";
2020-07-06;;;"P2P HB3 INNER 3D";"ХАЛЫК";"4000";KZT;"ХАЛЫК";"0";KZT;"2020-07-06 21:51:41";"2020-07-07 07:00:11";
2020-07-04;"Машина";"Яндекс такси";;"АТФ";"830";KZT;"АТФ";"0";KZT;"2020-07-21 09:12:13";"2020-07-21 09:12:14";
2020-07-04;;"ATM 1618 TRTS GLOBUS";;"ХАЛЫК";"5000";KZT;"ХАЛЫК";"0";KZT;"2020-07-04 15:17:57";"2020-07-04 19:58:31";
2020-07-04;;"ATM 1618 TRTS GLOBUS";;"ХАЛЫК";"7.78";KZT;"ХАЛЫК";"0";KZT;"2020-07-04 15:17:56";"2020-07-04 19:58:31";
2020-07-03;;"SURNAME1, NAME1:NAME1 SURNAME1";;"ХАЛЫК";"0";KZT;"ХАЛЫК";"50000";KZT;"2020-07-03 16:03:08";"2020-07-05 20:29:20";
2020-07-03;;;"P2P HB3 INNER 3D";"ХАЛЫК";"4650";KZT;"ХАЛЫК";"0";KZT;"2020-07-03 16:31:01";"2020-07-03 19:12:35";
2020-07-03;"Кафе и рестораны";"STARBUCKS COFFEE HOUSE";;"ХАЛЫК";"2900";KZT;"ХАЛЫК";"0";KZT;"2020-07-03 07:50:27";"2020-07-03 10:00:25";
2020-07-02;"Машина";"Яндекс такси";;"АТФ";"650";KZT;"АТФ";"0";KZT;"2020-07-21 09:11:58";"2020-07-21 09:12:00";
2020-07-02;"Машина";"Яндекс такси";;"АТФ";"630";KZT;"АТФ";"0";KZT;"2020-07-21 09:11:50";"2020-07-21 09:12:00";
2020-07-02;"Кафе и рестораны";"TOO KS-FOOD KS-FUD";;"ХАЛЫК";"1810";KZT;"ХАЛЫК";"0";KZT;"2020-07-02 11:22:55";"2020-07-04 11:06:49";
2020-07-02;;"ATM 167 DINAMO";;"ХАЛЫК";"5000";KZT;"ХАЛЫК";"0";KZT;"2020-07-02 18:19:47";"2020-07-02 20:45:46";
2020-07-01;"Машина";"Яндекс такси";;"АТФ";"710";KZT;"АТФ";"0";KZT;"2020-07-21 09:11:31";"2020-07-21 09:11:32";
2020-07-01;"Кафе и рестораны";"Вольт";;"АТФ";"2465.19";KZT;"АТФ";"0";KZT;"2020-07-21 09:11:17";"2020-07-21 09:11:18";
2020-07-01;;"MOBILE FUNDS TRANSFER";;"ХАЛЫК";"1535";KZT;"ХАЛЫК";"0";KZT;"2020-07-01 22:42:57";"2020-07-02 10:24:22";
2020-06-30;"Платежи, комиссии";;;"АТФ";"300";KZT;"АТФ";"0";KZT;"2020-07-21 09:09:06";"2020-07-21 09:09:49";
2020-06-30;"Образование";"NASTYA TILDA";;"ХАЛЫК";"16665.04";KZT;"ХАЛЫК";"0";KZT;"2020-06-29 23:00:00";"2020-07-02 10:24:22";
2020-06-30;"Кафе и рестораны";"DOUBLE COFFEE";;"ХАЛЫК";"6600";KZT;"ХАЛЫК";"0";KZT;"2020-06-29 23:00:01";"2020-07-02 10:24:22";
2020-06-29;;;"ТОО ""BRITISH COUNCIL (KAZAKHSTAN) (БРИТИШ КАУНСИЛ (КАЗАХСТАН";"ХАЛЫК";"0";KZT;"ХАЛЫК";"114750";KZT;"2020-06-28 23:00:00";"2020-07-02 10:24:22";
2020-06-27;"Кафе и рестораны";"COFFEE ORIGINAL";;"ХАЛЫК";"4850";KZT;"ХАЛЫК";"0";KZT;"2020-06-27 11:01:30";"2020-07-02 10:24:22";
2020-06-26;"Стипендия";"КБТУ";;"АТФ";"0";KZT;"АТФ";"26186";KZT;"2020-07-21 09:08:41";"2020-07-21 09:10:53";
2020-06-26;"Машина";"Яндекс такси";;"АТФ";"950";KZT;"АТФ";"0";KZT;"2020-07-21 09:08:19";"2020-07-21 09:10:53";
2020-06-26;"Машина";"Яндекс такси";;"АТФ";"660";KZT;"АТФ";"0";KZT;"2020-07-21 09:08:09";"2020-07-21 09:10:53";
2020-06-26;"Кафе и рестораны";"GUSTO DEL CAFFE";;"ХАЛЫК";"5973";KZT;"ХАЛЫК";"0";KZT;"2020-06-26 16:34:28";"2020-06-26 19:47:50";
2020-06-26;;"MOBILE FUNDS TRANSFER:ZHAZIRA ZHUMASH";;"ХАЛЫК";"0";KZT;"ХАЛЫК";"5000";KZT;"2020-06-26 14:25:35";"2020-06-26 19:47:50";
2020-06-26;;"SURNAME1, NAME1:NAME1 SURNAME1";;"ХАЛЫК";"0";KZT;"ХАЛЫК";"5000";KZT;"2020-06-26 13:50:56";"2020-06-27 21:17:04";
2020-06-25;"Кафе и рестораны";"BAGEL COFFEE HOUSE";;"ХАЛЫК";"1200";KZT;"ХАЛЫК";"0";KZT;"2020-06-25 15:58:52";"2020-06-25 20:43:38";
2020-06-25;"Кафе и рестораны";"BAGEL COFFEE HOUSE";;"ХАЛЫК";"1200";KZT;"ХАЛЫК";"0";KZT;"2020-06-25 14:11:30";"2020-06-25 20:43:38";
2020-06-25;;"A-13268 RKO 131824";;"ХАЛЫК";"5000";KZT;"ХАЛЫК";"0";KZT;"2020-06-25 10:46:43";"2020-06-25 20:43:38";
2020-06-25;"Кафе и рестораны";"BAGEL COFFEE HOUSE";;"ХАЛЫК";"1750";KZT;"ХАЛЫК";"0";KZT;"2020-06-25 11:17:50";"2020-06-25 20:43:38";
2020-06-24;"Машина";"Яндекс такси";;"АТФ";"750";KZT;"АТФ";"0";KZT;"2020-07-21 09:07:48";"2020-07-21 09:10:53";
2020-06-24;;;"P2P HB3 INNER 3D";"ХАЛЫК";"500";KZT;"ХАЛЫК";"0";KZT;"2020-06-24 10:32:26";"2020-06-24 20:22:54";
2020-06-24;"Кафе и рестораны";"NEDELKA CAFE";;"ХАЛЫК";"1155";KZT;"ХАЛЫК";"0";KZT;"2020-06-24 17:15:17";"2020-06-24 20:22:54";
2020-06-24;"Кафе и рестораны";"NEDELKA CAFE";;"ХАЛЫК";"3113";KZT;"ХАЛЫК";"0";KZT;"2020-06-24 17:15:15";"2020-06-24 20:22:54";
2020-06-23;"Кафе и рестораны";"STARBUCKS COFFEE HOUSE";;"ХАЛЫК";"2400";KZT;"ХАЛЫК";"0";KZT;"2020-06-23 09:04:47";"2020-06-23 10:20:53";
2020-06-22;"Кафе и рестораны";"Вольт";;"АТФ";"2502.9";KZT;"АТФ";"0";KZT;"2020-07-21 09:07:15";"2020-07-21 09:10:53";
2020-06-22;;;"P2P HB3 INNER 3D";"ХАЛЫК";"1873";KZT;"ХАЛЫК";"0";KZT;"2020-06-22 09:34:52";"2020-06-22 10:00:18";
2020-06-22;"Кафе и рестораны";"TOO SHEFKAZAN";;"ХАЛЫК";"3150";KZT;"ХАЛЫК";"0";KZT;"2020-06-22 08:57:52";"2020-06-24 08:28:37";
2020-06-22;;;"P2P HB3 INNER 3D";"ХАЛЫК";"3000";KZT;"ХАЛЫК";"0";KZT;"2020-06-22 09:32:23";"2020-06-22 10:00:18";
2020-06-21;"Машина";"Яндекс такси";;"АТФ";"570";KZT;"АТФ";"0";KZT;"2020-06-21 13:20:27";"2020-07-21 09:09:49";
2020-06-21;"Кафе и рестораны";"GLORIA JEANS COFFEE";;"ХАЛЫК";"1265";KZT;"ХАЛЫК";"0";KZT;"2020-06-21 13:09:33";"2020-06-21 13:20:23";
2020-06-21;"Машина";"Яндекс такси";;"АТФ";"580";KZT;"АТФ";"0";KZT;"2020-06-21 07:43:00";"2020-07-21 09:09:49";
2020-06-20;;;"P2P HB3 INNER 3D";"ХАЛЫК";"33900";KZT;"ХАЛЫК";"0";KZT;"2020-06-20 16:50:53";"2020-06-21 07:42:49";
2020-06-19;"Машина";"Яндекс такси";;"АТФ";"860";KZT;"АТФ";"0";KZT;"2020-06-20 16:52:36";"2020-07-21 09:09:49";
2020-06-18;"Продукты";"RAHMETAPP.KZ";;"ФОРТЕ";"2915";KZT;"ФОРТЕ";"0";KZT;"2020-06-18 13:22:09";"2020-06-24 08:29:02";
2020-06-18;"Продукты";"YUBILEINYI  SUPERMARKET";;"ХАЛЫК";"8494";KZT;"ХАЛЫК";"0";KZT;"2020-06-18 19:39:21";"2020-06-18 21:48:36";
2020-06-18;"Машина";"Яндекс такси";;"АТФ";"600";KZT;"АТФ";"0";KZT;"2020-06-18 11:49:03";"2020-07-21 09:09:49";
2020-06-17;"Кафе и рестораны";"Вольт";;"АТФ";"2800";KZT;"АТФ";"0";KZT;"2020-06-18 11:48:50";"2020-07-21 09:09:49";
2020-06-16;"Машина";"Яндекс такси";;"АТФ";"590";KZT;"АТФ";"0";KZT;"2020-06-16 11:26:44";"2020-06-16 11:26:44";
2020-06-15;;;"P2P HB3 INNER 3D";"ХАЛЫК";"1150";KZT;"ХАЛЫК";"0";KZT;"2020-06-15 22:23:09";"2020-06-16 11:00:46";
2020-06-15;"Машина";"Яндекс такси";;"АТФ";"620";KZT;"АТФ";"0";KZT;"2020-06-15 21:16:07";"2020-07-21 09:09:49";
2020-06-14;"Кафе и рестораны";"KIOSK JAI HO";;"ХАЛЫК";"2500";KZT;"ХАЛЫК";"0";KZT;"2020-06-14 13:29:09";"2020-06-16 11:00:46";
2020-06-13;;;;"АТФ";"3124.58";KZT;"АТФ";"0";KZT;"2020-07-21 09:20:50";"2020-07-21 09:21:06";
2020-06-13;"Продукты";"NUR SHOP";;"ХАЛЫК";"1410";KZT;"ХАЛЫК";"0";KZT;"2020-06-13 17:46:49";"2020-06-13 20:24:20";
2020-06-13;"Кафе и рестораны";"ANGELINA-US RESTAURANT";;"ХАЛЫК";"2290";KZT;"ХАЛЫК";"0";KZT;"2020-06-13 11:17:38";"2020-06-13 20:24:20";
2020-06-13;"Здоровье и фитнес";"IP SHUGAIPOV D.K.";;"ХАЛЫК";"16405";KZT;"ХАЛЫК";"0";KZT;"2020-06-13 13:41:45";"2020-06-16 11:00:46";
2020-06-13;"Машина";"Яндекс такси";;"АТФ";"640";KZT;"АТФ";"0";KZT;"2020-06-13 08:24:05";"2020-06-13 08:24:19";
2020-06-13;"Здоровье и фитнес";"Аптека";;"Наличные";"80";KZT;"Наличные";"0";KZT;"2020-06-13 08:23:43";"2020-06-13 08:24:19";
2020-06-13;"Кафе и рестораны";"ANGELINA-US RESTAURANT";;"ХАЛЫК";"2950";KZT;"ХАЛЫК";"0";KZT;"2020-06-13 08:12:17";"2020-06-13 08:22:34";
2020-06-12;"Отдых и развлечения";"AIR ASTANA";;"ХАЛЫК";"66130";KZT;"ХАЛЫК";"0";KZT;"2020-06-12 20:57:34";"2020-06-14 11:20:54";
2020-06-12;"Продукты";"YUBILEINYI  SUPERMARKET";;"ХАЛЫК";"9487";KZT;"ХАЛЫК";"0";KZT;"2020-06-12 18:58:46";"2020-06-12 19:24:03";
2020-06-12;;;;"Наличные";"0";KZT;"Наличные";"141";KZT;"2020-06-12 15:08:24";"2020-06-12 15:11:12";
2020-06-12;"Продукты";"YUBILEINYI  SUPERMARKET";;"ХАЛЫК";"965";KZT;"ХАЛЫК";"0";KZT;"2020-06-12 12:04:40";"2020-06-12 15:11:12";
2020-06-12;"Платежи, комиссии";"ACTIV";;"ХАЛЫК";"1700";KZT;"ХАЛЫК";"0";KZT;"2020-06-12 08:59:25";"2020-06-12 15:11:12";
2020-06-12;;"MOBILE FUNDS TRANSFER";;"ХАЛЫК";"1650";KZT;"ХАЛЫК";"0";KZT;"2020-06-12 13:31:27";"2020-06-12 15:11:12";
2020-06-12;"Продукты";"YUBILEINYI  SUPERMARKET";;"ХАЛЫК";"800";KZT;"ХАЛЫК";"0";KZT;"2020-06-12 12:15:39";"2020-06-12 15:11:12";
2020-06-12;;"MOBILE FUNDS TRANSFER";;"ХАЛЫК";"90150";KZT;"ХАЛЫК";"0";KZT;"2020-06-12 13:02:15";"2020-06-12 15:11:12";
2020-06-12;;;"ТОО РЕДПРАЙС";"ХАЛЫК";"0";KZT;"ХАЛЫК";"13000";KZT;"2020-06-11 23:00:00";"2020-06-12 15:11:12";
2020-06-11;"Продукты";"Пятерочка";"Это демо-операция. Удалите её, когда посмотрите отчёты.";"ХАЛЫК";"1450";KZT;"ХАЛЫК";"0";KZT;"2020-06-12 14:57:52";"2020-06-12 14:57:51";
2020-06-10;;;"ТОО РЕДПРАЙС";"ХАЛЫК";"0";KZT;"ХАЛЫК";"165000";KZT;"2020-06-09 23:00:00";"2020-06-12 15:11:12";
2020-06-09;"Продукты";"TOO ARTGRAD";;"ХАЛЫК";"3600";KZT;"ХАЛЫК";"0";KZT;"2020-06-08 23:00:01";"2020-06-12 15:11:12";
2020-06-09;"Кафе и рестораны";"NEDELKA CAFE";;"ХАЛЫК";"2200";KZT;"ХАЛЫК";"0";KZT;"2020-06-09 14:59:29";"2020-06-12 15:11:12";
2020-06-09;;"SURNAME1, NAME1:NAME1 SURNAME1";;"ХАЛЫК";"0";KZT;"ХАЛЫК";"3925";KZT;"2020-06-08 23:00:00";"2020-06-12 15:14:43";
2020-06-08;"Кафе и рестораны";"chocofood.kz";;"ФОРТЕ";"2640";KZT;"ФОРТЕ";"0";KZT;"2020-06-08 18:37:15";"2020-06-12 15:14:14";
2020-06-08;"Кафе и рестораны";"KIOSK JAI HO";;"ХАЛЫК";"1400";KZT;"ХАЛЫК";"0";KZT;"2020-06-07 23:00:00";"2020-06-12 15:11:12";
2020-06-07;;"HOMEBANK INTERNATIONAL";;"ХАЛЫК";"2031.96";KZT;"ХАЛЫК";"0";KZT;"2020-06-07 11:58:40";"2020-06-12 15:11:12";
2020-06-07;"Продукты";"INTERFOOD-1 SUPERMARKET";;"ХАЛЫК";"995";KZT;"ХАЛЫК";"0";KZT;"2020-06-07 16:00:26";"2020-06-12 15:11:12";
2020-06-06;"Кафе и рестораны";"MARRONE ROSSO CAFE";;"ХАЛЫК";"2750";KZT;"ХАЛЫК";"0";KZT;"2020-06-06 10:27:39";"2020-06-12 15:11:12";
2020-06-06;"Кафе и рестораны";"URBO COFFEE CAFE";;"ХАЛЫК";"1880";KZT;"ХАЛЫК";"0";KZT;"2020-06-06 14:44:20";"2020-06-12 15:11:12";
2020-06-05;;;"P2P HB3 INNER 3D";"ХАЛЫК";"6000";KZT;"ХАЛЫК";"0";KZT;"2020-06-05 20:29:44";"2020-06-12 15:11:12";
2020-06-04;"Кафе и рестораны";"URBO COFFEE";;"ХАЛЫК";"1440";KZT;"ХАЛЫК";"0";KZT;"2020-06-03 23:00:00";"2020-06-12 15:11:12";
2020-06-04;"Кафе и рестораны";"STARBUCKS KOFFEYNYA";;"ХАЛЫК";"1000";KZT;"ХАЛЫК";"0";KZT;"2020-06-04 14:05:07";"2020-06-12 15:11:12";
2020-06-04;;;"P2P HB3 INNER 3D";"ХАЛЫК";"1333";KZT;"ХАЛЫК";"0";KZT;"2020-06-03 23:01:58";"2020-06-12 15:11:12";
2020-06-02;"Продукты";"TOO MAGNUM CASH AND CARRY";;"ФОРТЕ";"4216";KZT;"ФОРТЕ";"0";KZT;"2020-06-02 13:18:06";"2020-06-12 15:14:14";
2020-06-02;;;"P2P HB3 INNER 3D";"ХАЛЫК";"6300";KZT;"ХАЛЫК";"0";KZT;"2020-06-02 19:59:53";"2020-06-12 15:11:12";
2020-06-01;"Кафе и рестораны";"BAO 1 BAR";;"ФОРТЕ";"770";KZT;"ФОРТЕ";"0";KZT;"2020-06-01 19:40:07";"2020-06-12 15:14:14";
2020-06-01;"Кафе и рестораны";"KIOSK JAI HO";;"ФОРТЕ";"3300";KZT;"ФОРТЕ";"0";KZT;"2020-06-01 17:01:32";"2020-06-12 15:14:14";
2020-05-30;"Покупки: одежда, техника";"COTTON SHOP";;"ФОРТЕ";"1200";KZT;"ФОРТЕ";"0";KZT;"2020-05-29 23:29:27";"2020-06-12 15:14:14";
2020-05-30;"Кафе и рестораны";"TOO SHEFKAZAN";;"ФОРТЕ";"1300";KZT;"ФОРТЕ";"0";KZT;"2020-05-30 10:17:05";"2020-06-12 15:14:14";
2020-05-30;"Продукты";"YUBILEINYI  SUPERMARKET";;"ФОРТЕ";"2695";KZT;"ФОРТЕ";"0";KZT;"2020-05-30 14:12:17";"2020-06-12 15:14:14";
2020-05-30;;"ATM 1523 APTEKA";;"ХАЛЫК";"5000";KZT;"ХАЛЫК";"0";KZT;"2020-05-30 10:10:31";"2020-06-12 15:11:12";
2020-05-28;"Продукты";"BEKKER I K (AUEZOVA) SUP";;"ХАЛЫК";"1876";KZT;"ХАЛЫК";"0";KZT;"2020-05-28 18:07:10";"2020-06-12 15:11:12";
2020-05-28;"Кафе и рестораны";"KIOSK JAI HO";;"ХАЛЫК";"1900";KZT;"ХАЛЫК";"0";KZT;"2020-05-27 23:00:00";"2020-06-12 15:11:12";
2020-05-27;"Кафе и рестораны";"TOO SHEFKAZAN";;"ХАЛЫК";"1500";KZT;"ХАЛЫК";"0";KZT;"2020-05-26 23:00:00";"2020-06-12 15:11:12";
2020-05-26;"Продукты";"TOO KEY TWO";;"ХАЛЫК";"210";KZT;"ХАЛЫК";"0";KZT;"2020-05-25 23:00:00";"2020-06-12 15:11:12";
2020-05-25;;;"Погашение сервисных комиссий";"ФОРТЕ";"450";KZT;"ФОРТЕ";"0";KZT;"2020-05-24 23:00:00";"2020-06-12 15:14:14";
2020-05-25;"Кафе и рестораны";"BAO 1";;"ХАЛЫК";"1584";KZT;"ХАЛЫК";"0";KZT;"2020-05-24 23:00:00";"2020-06-12 15:11:12";
2020-05-24;"Продукты";"YUBILEINYI  SUPERMARKET";;"ХАЛЫК";"2015";KZT;"ХАЛЫК";"0";KZT;"2020-05-24 15:13:08";"2020-06-12 15:11:12";
2020-05-24;"Кафе и рестораны";"BAO 1 BAR";;"ХАЛЫК";"3110";KZT;"ХАЛЫК";"0";KZT;"2020-05-24 13:47:58";"2020-06-12 15:11:12";
2020-05-23;;"A-13167 TOLEBI MIRZOYAN";;"ХАЛЫК";"2000";KZT;"ХАЛЫК";"0";KZT;"2020-05-23 11:59:24";"2020-06-12 15:11:12";
2020-05-23;;"A-13167 TOLEBI MIRZOYAN";;"ХАЛЫК";"10000";KZT;"ХАЛЫК";"0";KZT;"2020-05-23 11:58:42";"2020-06-12 15:11:12";
2020-05-23;;"SURNAME1";;"ХАЛЫК";"0";KZT;"ХАЛЫК";"3500";KZT;"2020-05-22 23:00:00";"2020-06-12 15:11:12";
2020-05-22;"Здоровье и фитнес";"IP ZHAS FARM";;"ХАЛЫК";"950";KZT;"ХАЛЫК";"0";KZT;"2020-05-21 23:00:00";"2020-06-12 15:11:12";
2020-05-22;;"ECOSERVICE SERVICE CENTER";;"ХАЛЫК";"2500";KZT;"ХАЛЫК";"0";KZT;"2020-05-22 16:20:10";"2020-06-12 15:11:12";
2020-05-20;;;"P2P HB3 INNER 3D";"ХАЛЫК";"45150";KZT;"ХАЛЫК";"0";KZT;"2020-05-20 19:39:47";"2020-06-12 15:11:12";
2020-05-19;"Продукты";"ALEM MINIMARKET";;"ХАЛЫК";"405";KZT;"ХАЛЫК";"0";KZT;"2020-05-19 11:40:38";"2020-06-12 15:11:12";
2020-05-17;;"ATM 711 ZEM OTNOSHENII";;"ХАЛЫК";"34000";KZT;"ХАЛЫК";"0";KZT;"2020-05-17 13:57:30";"2020-06-12 15:11:12";
2020-05-17;;"MOBILE FUNDS TRANSFER:NADEZHDA NEMCHINOVA";;"ХАЛЫК";"0";KZT;"ХАЛЫК";"24000";KZT;"2020-05-17 13:40:35";"2020-06-12 15:11:12";
2020-05-16;;;"P2P HB3 INNER 3D";"ХАЛЫК";"2500";KZT;"ХАЛЫК";"0";KZT;"2020-05-16 14:25:24";"2020-06-12 15:11:12";
2020-05-16;"Отдых и развлечения";"TECHNODOM KIOSK SHOP";;"ХАЛЫК";"5290";KZT;"ХАЛЫК";"0";KZT;"2020-05-16 14:09:25";"2020-06-12 15:11:12";
2020-05-16;"Кафе и рестораны";"LA BARCA RESTAURANT";;"ХАЛЫК";"3300";KZT;"ХАЛЫК";"0";KZT;"2020-05-16 14:40:15";"2020-06-12 15:11:12";
2020-05-15;;;"ТОО РЕДПРАЙС";"ХАЛЫК";"0";KZT;"ХАЛЫК";"19952";KZT;"2020-05-14 23:00:01";"2020-06-12 15:11:12";
2020-05-15;;"OPS 8";;"ХАЛЫК";"878";KZT;"ХАЛЫК";"0";KZT;"2020-05-14 23:00:00";"2020-06-12 15:11:12";
2020-05-14;;"MOBILE FUNDS TRANSFER";;"ХАЛЫК";"2150";KZT;"ХАЛЫК";"0";KZT;"2020-05-14 13:17:54";"2020-06-12 15:11:12";
2020-05-14;;"ATM 1556 RKO MASSANCHI";;"ХАЛЫК";"8000";KZT;"ХАЛЫК";"0";KZT;"2020-05-14 10:06:03";"2020-06-12 15:11:12";
2020-05-14;"Кафе и рестораны";"MAMEDOV";;"ХАЛЫК";"1590";KZT;"ХАЛЫК";"0";KZT;"2020-05-13 23:00:02";"2020-06-12 15:11:12";
2020-05-14;"Отдых и развлечения";"RIB*ADVERSTING";;"ХАЛЫК";"14788.86";KZT;"ХАЛЫК";"0";KZT;"2020-05-13 23:00:01";"2020-06-12 15:11:12";
2020-05-14;;"SURNAME1";;"ХАЛЫК";"0";KZT;"ХАЛЫК";"16500";KZT;"2020-05-13 23:00:00";"2020-06-12 15:11:12";
2020-05-13;"Продукты";"PAYBOX.MONEY*INSTASHOP.KZ";;"ФОРТЕ";"9014.87";KZT;"ФОРТЕ";"0";KZT;"2020-05-13 09:30:37";"2020-06-12 15:14:14";
2020-05-12;"Зарплата";;"ВОЗВРАТ ОШИБОЧНО ПЕРЕЧИСЛЕННОЙ ЗАРПЛАТЫ";"ХАЛЫК";"9549";KZT;"ХАЛЫК";"0";KZT;"2020-05-12 11:30:05";"2020-06-12 15:11:12";
2020-05-08;;"MOBILE FUNDS TRANSFER";;"ХАЛЫК";"2000";KZT;"ХАЛЫК";"0";KZT;"2020-05-08 15:35:23";"2020-06-12 15:11:12";
2020-05-07;;"HOMEBANK INTERNATIONAL";;"ХАЛЫК";"4386.5";KZT;"ХАЛЫК";"0";KZT;"2020-05-07 00:39:38";"2020-06-12 15:11:12";
2020-05-06;;;"ТОО РЕДПРАЙС";"ХАЛЫК";"0";KZT;"ХАЛЫК";"152650";KZT;"2020-05-05 23:00:00";"2020-06-12 15:11:12";
2020-05-03;"Кафе и рестораны";"chocofood.kz";;"ФОРТЕ";"5150";KZT;"ФОРТЕ";"0";KZT;"2020-05-02 23:39:17";"2020-06-12 15:14:14";
2020-04-30;"Платежи, комиссии";"My Beeline";;"ФОРТЕ";"3800";KZT;"ФОРТЕ";"0";KZT;"2020-04-30 10:25:09";"2020-06-12 15:14:14";
2020-04-25;"Продукты";"SITIPLYUS SUPERMARKET";;"ХАЛЫК";"4009";KZT;"ХАЛЫК";"0";KZT;"2020-04-25 10:12:50";"2020-06-12 15:11:12";
2020-04-24;;"A-13056 RKO131424";;"ХАЛЫК";"100000";KZT;"ХАЛЫК";"0";KZT;"2020-04-24 09:58:30";"2020-06-12 15:11:12";
2020-04-24;;"A-13056 RKO131424";;"ХАЛЫК";"5000";KZT;"ХАЛЫК";"0";KZT;"2020-04-24 09:59:13";"2020-06-12 15:11:12";
2020-04-21;;;"P2P HB3 INNER 3D";"ХАЛЫК";"2000";KZT;"ХАЛЫК";"0";KZT;"2020-04-21 13:21:14";"2020-06-12 15:11:12";
2020-04-20;;"MOBILE FUNDS TRANSFER:KUANYSH ABLAYEV";;"ХАЛЫК";"0";KZT;"ХАЛЫК";"20000";KZT;"2020-04-20 18:03:11";"2020-06-12 15:11:12";
2020-04-20;"Продукты";"ALEM MINIMARKET";;"ХАЛЫК";"4070";KZT;"ХАЛЫК";"0";KZT;"2020-04-20 17:47:44";"2020-06-12 15:11:12";
2020-04-19;"Продукты";"TOIMART SUPERMARKET";;"ХАЛЫК";"1814";KZT;"ХАЛЫК";"0";KZT;"2020-04-19 16:35:54";"2020-06-12 15:11:12";
2020-04-14;"Забота о себе";"IHERB";;"ХАЛЫК";"18962.24";KZT;"ХАЛЫК";"0";KZT;"2020-04-13 23:00:00";"2020-06-12 15:11:12";
2020-04-13;;;"Кредитная часть p2p перевода через POS";"ФОРТЕ";"0";KZT;"ФОРТЕ";"40000";KZT;"2020-04-13 14:00:09";"2020-06-12 15:14:14";
2020-04-11;"Продукты";"ALEM MINIMARKET";;"ХАЛЫК";"2915";KZT;"ХАЛЫК";"0";KZT;"2020-04-11 17:42:34";"2020-06-12 15:11:12";
2020-04-11;"Здоровье и фитнес";"TOO APTEKAPLYUS";;"ХАЛЫК";"380";KZT;"ХАЛЫК";"0";KZT;"2020-04-10 23:00:00";"2020-06-12 15:11:12";
2020-04-10;;;"ТОО РЕДПРАЙС";"ХАЛЫК";"0";KZT;"ХАЛЫК";"126143";KZT;"2020-04-09 23:00:00";"2020-06-12 15:11:12";
2020-04-06;"Продукты";"ARBUZ INTERNET-SHOP";;"ХАЛЫК";"7335";KZT;"ХАЛЫК";"0";KZT;"2020-04-06 19:24:07";"2020-06-12 15:11:12";
2020-04-04;"Покупки: одежда, техника";"MAGAZIN IMRAN";;"ХАЛЫК";"950";KZT;"ХАЛЫК";"0";KZT;"2020-04-03 23:00:00";"2020-06-12 15:11:12";
2020-03-30;"Продукты";"TOO OPTOVYI CLUB";;"ХАЛЫК";"542";KZT;"ХАЛЫК";"0";KZT;"2020-03-29 23:00:00";"2020-06-12 15:11:12";
2020-03-30;"Продукты";"TOO OPTOVYI CLUB";;"ХАЛЫК";"5158";KZT;"ХАЛЫК";"0";KZT;"2020-03-29 23:00:01";"2020-06-12 15:11:12";
2020-03-27;"Продукты";"IP ""ZHAXY SAPA""";;"ХАЛЫК";"1430";KZT;"ХАЛЫК";"0";KZT;"2020-03-26 23:00:00";"2020-06-12 15:11:12";
2020-03-24;"Продукты";"ALEM MINIMARKET";;"ХАЛЫК";"980";KZT;"ХАЛЫК";"0";KZT;"2020-03-24 11:23:45";"2020-06-12 15:11:12";
2020-03-24;;"A-13031 159";;"ХАЛЫК";"2000";KZT;"ХАЛЫК";"0";KZT;"2020-03-24 11:16:55";"2020-06-12 15:11:12";
2020-03-24;"Продукты";"ARBUZ INTERNET-SHOP";;"ХАЛЫК";"10448";KZT;"ХАЛЫК";"0";KZT;"2020-03-24 16:00:14";"2020-06-12 15:11:12";
2020-03-23;"Продукты";"ALEM MINIMARKET";;"ХАЛЫК";"750";KZT;"ХАЛЫК";"0";KZT;"2020-03-23 11:25:12";"2020-06-12 15:11:12";
2020-03-22;"Продукты";"ALEM MINIMARKET";;"ХАЛЫК";"1725";KZT;"ХАЛЫК";"0";KZT;"2020-03-22 11:54:07";"2020-06-12 15:11:12";
2020-03-22;;"A-13167 TOLEBI MIRZOYAN";;"ХАЛЫК";"50000";KZT;"ХАЛЫК";"0";KZT;"2020-03-22 11:58:54";"2020-06-12 15:11:12";
2020-03-22;"Продукты";"TOO OPTOVYI CLUB";;"ХАЛЫК";"2132";KZT;"ХАЛЫК";"0";KZT;"2020-03-21 23:00:00";"2020-06-12 15:11:12";
2020-03-20;;;"ТОО РЕДПРАЙС";"ХАЛЫК";"0";KZT;"ХАЛЫК";"29630";KZT;"2020-03-19 23:00:00";"2020-06-12 15:11:12";
2020-03-20;"Продукты";"BEKKER I K (AUEZOVA) SUP";;"ХАЛЫК";"1406";KZT;"ХАЛЫК";"0";KZT;"2020-03-20 11:59:36";"2020-06-12 15:11:12";
2020-03-15;;"ATM 1912 BTA STRAHOVANIYE";;"ХАЛЫК";"6000";KZT;"ХАЛЫК";"0";KZT;"2020-03-15 10:12:06";"2020-06-12 15:11:12";
2020-03-15;;"ALMALY";;"ХАЛЫК";"7875";KZT;"ХАЛЫК";"0";KZT;"2020-03-14 23:00:00";"2020-06-12 15:11:12";
2020-03-13;"Продукты";"RAHMETAPP.KZ";;"ФОРТЕ";"144";KZT;"ФОРТЕ";"0";KZT;"2020-03-13 15:44:43";"2020-06-12 15:14:14";
2020-03-13;"Продукты";"IP ""SHATSKIKH ALEXANDR AL";;"ХАЛЫК";"430";KZT;"ХАЛЫК";"0";KZT;"2020-03-12 23:00:00";"2020-06-12 15:11:12";
2020-03-12;"Продукты";"RAHMETAPP.KZ";;"ФОРТЕ";"1562";KZT;"ФОРТЕ";"0";KZT;"2020-03-12 07:33:57";"2020-06-12 15:14:14";
2020-03-12;;"ATM 730 KBTU";;"ХАЛЫК";"2000";KZT;"ХАЛЫК";"0";KZT;"2020-03-12 14:43:43";"2020-06-12 15:11:12";
2020-03-12;"Кафе и рестораны";"IP ""BAYWAY""";;"ХАЛЫК";"1232";KZT;"ХАЛЫК";"0";KZT;"2020-03-11 23:00:00";"2020-06-12 15:11:12";
2020-03-11;"Продукты";"ALEM MINIMARKET";;"ХАЛЫК";"800";KZT;"ХАЛЫК";"0";KZT;"2020-03-11 16:30:27";"2020-06-12 15:11:12";
2020-03-11;"Кафе и рестораны";"RKM SERVICE";;"ХАЛЫК";"1690";KZT;"ХАЛЫК";"0";KZT;"2020-03-10 23:00:00";"2020-06-12 15:11:12";
2020-03-10;;;"ТОО РЕДПРАЙС";"ХАЛЫК";"0";KZT;"ХАЛЫК";"59571";KZT;"2020-03-09 23:00:00";"2020-06-12 15:11:12";
2020-03-09;"Кафе и рестораны";"TOO ""ELAELA""";;"ХАЛЫК";"880";KZT;"ХАЛЫК";"0";KZT;"2020-03-08 23:00:00";"2020-06-12 15:11:12";
2020-03-08;"Продукты";"YUBILEINYI  SUPERMARKET";;"ХАЛЫК";"192";KZT;"ХАЛЫК";"0";KZT;"2020-03-08 16:13:06";"2020-06-12 15:11:12";
2020-03-08;;"TOLE BI ST. 136";;"ХАЛЫК";"6000";KZT;"ХАЛЫК";"0";KZT;"2020-03-07 23:00:01";"2020-06-12 15:11:12";
2020-03-08;"Образование";"MELOMAN SHOP";;"ХАЛЫК";"2582";KZT;"ХАЛЫК";"0";KZT;"2020-03-08 16:40:30";"2020-06-12 15:11:12";
2020-03-08;"Кафе и рестораны";"BAGEL COFFEE HOUSE";;"ХАЛЫК";"1250";KZT;"ХАЛЫК";"0";KZT;"2020-03-08 08:40:17";"2020-06-12 15:11:12";
2020-03-08;"Отдых и развлечения";"CPKZ_ 1FIT.APP";;"ХАЛЫК";"34993";KZT;"ХАЛЫК";"0";KZT;"2020-03-07 23:00:00";"2020-06-12 15:11:12";
2020-03-07;;;"Кредитная часть p2p перевода через POS";"ФОРТЕ";"0";KZT;"ФОРТЕ";"10000";KZT;"2020-03-07 18:11:33";"2020-06-12 15:14:14";
2020-03-07;;;"Перевод Daulet Kaliyev";"ФОРТЕ";"4000";KZT;"ФОРТЕ";"0";KZT;"2020-03-07 22:35:13";"2020-06-12 15:14:14";
2020-03-06;;;"ТОО РЕДПРАЙС";"ХАЛЫК";"0";KZT;"ХАЛЫК";"59000";KZT;"2020-03-05 23:00:00";"2020-06-12 15:11:12";
2020-03-05;"Кафе и рестораны";"TOO LIMON";;"ХАЛЫК";"370";KZT;"ХАЛЫК";"0";KZT;"2020-03-04 23:00:00";"2020-06-12 15:11:12";
2020-03-05;"Продукты";"MARWIN SHOP";;"ХАЛЫК";"450";KZT;"ХАЛЫК";"0";KZT;"2020-03-05 17:29:52";"2020-06-12 15:11:12";
2020-03-05;"Продукты";"SMALL ALA 38-7";;"ХАЛЫК";"2868";KZT;"ХАЛЫК";"0";KZT;"2020-03-04 23:00:01";"2020-06-12 15:11:12";
2020-03-04;"Покупки: одежда, техника";"COTTON SHOP";;"ХАЛЫК";"3700";KZT;"ХАЛЫК";"0";KZT;"2020-03-04 16:59:21";"2020-06-12 15:11:12";
2020-03-04;"Продукты";"YUBILEINYI  SUPERMARKET";;"ХАЛЫК";"840";KZT;"ХАЛЫК";"0";KZT;"2020-03-04 16:25:41";"2020-06-12 15:11:12";
2020-03-04;"Кафе и рестораны";"PLATFORMA CAFE";;"ХАЛЫК";"1050";KZT;"ХАЛЫК";"0";KZT;"2020-03-04 12:08:59";"2020-06-12 15:11:12";
2020-03-04;"Продукты";"YUBILEINYI  SUPERMARKET";;"ХАЛЫК";"4301";KZT;"ХАЛЫК";"0";KZT;"2020-03-04 16:21:19";"2020-06-12 15:11:12";
2020-03-03;"Кафе и рестораны";"MCDONALD`S RESTAURANTS";;"ХАЛЫК";"4850";KZT;"ХАЛЫК";"0";KZT;"2020-03-03 14:03:16";"2020-06-12 15:11:12";
2020-03-03;"Кафе и рестораны";"PLATFORMA CAFE";;"ХАЛЫК";"150";KZT;"ХАЛЫК";"0";KZT;"2020-03-03 07:38:12";"2020-06-12 15:11:12";
2020-03-03;"Покупки: одежда, техника";"MAGAZIN IMRAN";;"ХАЛЫК";"560";KZT;"ХАЛЫК";"0";KZT;"2020-03-02 23:00:00";"2020-06-12 15:11:12";
2020-03-02;"Кафе и рестораны";"TAGAM STOLOVAYA";;"ХАЛЫК";"610";KZT;"ХАЛЫК";"0";KZT;"2020-03-02 19:57:04";"2020-06-12 15:11:12";
2020-03-01;"Кафе и рестораны";"LEOS CAFE";;"ХАЛЫК";"1900";KZT;"ХАЛЫК";"0";KZT;"2020-03-01 18:59:15";"2020-06-12 15:11:12";
2020-02-28;"Продукты";"ALEM MINIMARKET";;"ХАЛЫК";"1360";KZT;"ХАЛЫК";"0";KZT;"2020-02-28 18:57:51";"2020-06-12 15:11:12";
2020-02-28;"Кафе и рестораны";"TOO LIMON";;"ХАЛЫК";"1000";KZT;"ХАЛЫК";"0";KZT;"2020-02-27 23:00:00";"2020-06-12 15:11:12";
2020-02-26;"Продукты";"YUBILEINYI  SUPERMARKET";;"ХАЛЫК";"840";KZT;"ХАЛЫК";"0";KZT;"2020-02-26 11:20:37";"2020-06-12 15:11:12";
2020-02-26;"Платежи, комиссии";"MIRE BOUTIQUE";;"ХАЛЫК";"2150";KZT;"ХАЛЫК";"0";KZT;"2020-02-26 16:31:20";"2020-06-12 15:11:12";
2020-02-26;"Кафе и рестораны";"SOFRA ARBAT";;"ХАЛЫК";"780";KZT;"ХАЛЫК";"0";KZT;"2020-02-25 23:00:00";"2020-06-12 15:11:12";
2020-02-25;"Кафе и рестораны";"URBO COFFEE CAFE";;"ХАЛЫК";"420";KZT;"ХАЛЫК";"0";KZT;"2020-02-25 16:54:01";"2020-06-12 15:11:12";
2020-02-25;"Кафе и рестораны";"TOO ""ELAELA""";;"ХАЛЫК";"1100";KZT;"ХАЛЫК";"0";KZT;"2020-02-24 23:00:00";"2020-06-12 15:11:12";
2020-02-24;"Кафе и рестораны";"URBO COFFEE CAFE";;"ХАЛЫК";"290";KZT;"ХАЛЫК";"0";KZT;"2020-02-24 15:00:57";"2020-06-12 15:11:12";
2020-02-23;;"A-13167 TOLEBI MIRZOYAN";;"ХАЛЫК";"60000";KZT;"ХАЛЫК";"0";KZT;"2020-02-23 19:12:44";"2020-06-12 15:11:12";
2020-02-22;"Кафе и рестораны";"KAFE";;"ХАЛЫК";"1380";KZT;"ХАЛЫК";"0";KZT;"2020-02-21 23:00:00";"2020-06-12 15:11:12";
2020-02-21;"Кафе и рестораны";"URBO COFFEE CAFE";;"ХАЛЫК";"1370";KZT;"ХАЛЫК";"0";KZT;"2020-02-21 12:57:46";"2020-06-12 15:11:12";
2020-02-19;;"ATM 730 KBTU";;"ХАЛЫК";"4000";KZT;"ХАЛЫК";"0";KZT;"2020-02-19 11:03:57";"2020-06-12 15:11:12";
2020-02-19;"Продукты";"2 KASSA AF37 MAGNUM C";;"ХАЛЫК";"4499";KZT;"ХАЛЫК";"0";KZT;"2020-02-19 17:06:32";"2020-06-12 15:11:12";
2020-02-18;"Кафе и рестораны";"MAMEDOV";;"ХАЛЫК";"2222";KZT;"ХАЛЫК";"0";KZT;"2020-02-17 23:00:00";"2020-06-12 15:11:12";
2020-02-18;"Кафе и рестораны";"URBO COFFEE CAFE";;"ХАЛЫК";"390";KZT;"ХАЛЫК";"0";KZT;"2020-02-18 16:06:22";"2020-06-12 15:11:12";
2020-02-17;"Продукты";"MY MART MINI-MARKET";;"ХАЛЫК";"300";KZT;"ХАЛЫК";"0";KZT;"2020-02-17 08:53:57";"2020-06-12 15:11:12";
2020-02-17;"Кафе и рестораны";"TOO  TRALGARANT";;"ХАЛЫК";"2580";KZT;"ХАЛЫК";"0";KZT;"2020-02-16 23:00:00";"2020-06-12 15:11:12";
2020-02-16;"Кафе и рестораны";"TAGAM CANTEEN";;"ХАЛЫК";"1000";KZT;"ХАЛЫК";"0";KZT;"2020-02-16 11:10:57";"2020-06-12 15:11:12";
2020-02-15;"Продукты";"ALEM MINIMARKET";;"ХАЛЫК";"2005";KZT;"ХАЛЫК";"0";KZT;"2020-02-15 21:08:42";"2020-06-12 15:11:12";
2020-02-14;;;"ТОО РЕДПРАЙС";"ХАЛЫК";"0";KZT;"ХАЛЫК";"29630";KZT;"2020-02-13 23:00:01";"2020-06-12 15:11:12";
2020-02-14;"Продукты";"BAZYLKHANOVA";;"ХАЛЫК";"250";KZT;"ХАЛЫК";"0";KZT;"2020-02-13 23:00:00";"2020-06-12 15:11:12";
2020-02-13;"Кафе и рестораны";"MASTER DONER CAFE";;"ХАЛЫК";"850";KZT;"ХАЛЫК";"0";KZT;"2020-02-13 14:39:16";"2020-06-12 15:11:12";
2020-02-13;"Кафе и рестораны";"TOO ""FOOD BAKERY""";;"ХАЛЫК";"350";KZT;"ХАЛЫК";"0";KZT;"2020-02-12 23:00:00";"2020-06-12 15:11:12";
2020-02-12;"Отдых и развлечения";"CHAPLIN #6 MEGA PARK";;"ХАЛЫК";"2400";KZT;"ХАЛЫК";"0";KZT;"2020-02-12 16:36:48";"2020-06-12 15:11:12";
2020-02-12;"Кафе и рестораны";"UNO DOS TAKOS CAFE";;"ХАЛЫК";"1650";KZT;"ХАЛЫК";"0";KZT;"2020-02-12 18:17:49";"2020-06-12 15:11:12";
2020-02-11;"Отдых и развлечения";"CPKZ_ 1FIT.APP";;"ХАЛЫК";"14391";KZT;"ХАЛЫК";"0";KZT;"2020-02-10 23:00:00";"2020-06-12 15:11:12";
2020-02-10;;"A-13095 109B";;"ХАЛЫК";"9000";KZT;"ХАЛЫК";"0";KZT;"2020-02-10 13:30:44";"2020-06-12 15:11:12";
2020-02-07;;;"ТОО РЕДПРАЙС";"ХАЛЫК";"0";KZT;"ХАЛЫК";"118571";KZT;"2020-02-06 23:00:00";"2020-06-12 15:11:12";
2020-01-24;;"A-13167 TOLEBI MIRZOYAN";;"ХАЛЫК";"54000";KZT;"ХАЛЫК";"0";KZT;"2020-01-24 08:41:18";"2020-06-12 15:11:12";
2020-01-22;"Продукты";"YUBILEINYI  SUPERMARKET";;"ХАЛЫК";"5330";KZT;"ХАЛЫК";"0";KZT;"2020-01-22 17:07:04";"2020-06-12 15:11:12";
2020-01-22;"Продукты";"YUBILEINYI  SUPERMARKET";;"ХАЛЫК";"1640";KZT;"ХАЛЫК";"0";KZT;"2020-01-22 16:26:27";"2020-06-12 15:11:12";
2020-01-20;"Платежи, комиссии";"YANDEX.TAXI";;"ФОРТЕ";"820";KZT;"ФОРТЕ";"0";KZT;"2020-01-20 06:52:07";"2020-06-12 15:14:14";
2020-01-18;;;"Платеж в интернет банкинге";"ФОРТЕ";"200";KZT;"ФОРТЕ";"0";KZT;"2020-01-18 08:42:56";"2020-06-12 15:14:14";
2020-01-18;;;"Платеж в интернет банкинге";"ФОРТЕ";"1500";KZT;"ФОРТЕ";"0";KZT;"2020-01-18 08:31:13";"2020-06-12 15:14:14";
2020-01-18;"Платежи, комиссии";"YANDEX.TAXI";;"ФОРТЕ";"1030";KZT;"ФОРТЕ";"0";KZT;"2020-01-18 22:09:44";"2020-06-12 15:14:14";
2020-01-17;"Платежи, комиссии";"YANDEX.TAXI";;"ФОРТЕ";"1240";KZT;"ФОРТЕ";"0";KZT;"2020-01-17 06:54:05";"2020-06-12 15:14:14";
2020-01-16;"Платежи, комиссии";"YANDEX.TAXI";;"ФОРТЕ";"490";KZT;"ФОРТЕ";"0";KZT;"2020-01-16 05:51:52";"2020-06-12 15:14:14";
2020-01-16;"Продукты";"RAHMETAPP.KZ";;"ФОРТЕ";"390";KZT;"ФОРТЕ";"0";KZT;"2020-01-16 07:27:04";"2020-06-12 15:14:14";
2020-01-16;;"ATM 730 KBTU";;"ХАЛЫК";"5000";KZT;"ХАЛЫК";"0";KZT;"2020-01-16 13:48:05";"2020-06-12 15:11:12";
2020-01-16;;"ATM 730 KBTU";;"ХАЛЫК";"2000";KZT;"ХАЛЫК";"0";KZT;"2020-01-16 13:48:41";"2020-06-12 15:11:12";
2020-01-15;"Покупки: одежда, техника";"SEE ALT SHOP";;"ХАЛЫК";"11800";KZT;"ХАЛЫК";"0";KZT;"2020-01-15 15:34:10";"2020-06-12 15:11:12";
2020-01-14;;;"ТОО РЕДПРАЙС";"ХАЛЫК";"0";KZT;"ХАЛЫК";"30000";KZT;"2020-01-13 23:00:00";"2020-06-12 15:11:12";
2020-01-13;"Платежи, комиссии";"YANDEX.TAXI";;"ФОРТЕ";"510";KZT;"ФОРТЕ";"0";KZT;"2020-01-13 09:10:14";"2020-06-12 15:14:14";
2020-01-13;;"BAYZAKOVA ST. 280";;"ХАЛЫК";"5000";KZT;"ХАЛЫК";"0";KZT;"2020-01-13 12:42:18";"2020-06-12 15:11:12";
2020-01-11;"Продукты";"RAHMETAPP.KZ";;"ФОРТЕ";"2247";KZT;"ФОРТЕ";"0";KZT;"2020-01-11 16:19:43";"2020-06-12 15:14:14";
2020-01-11;"Платежи, комиссии";"YANDEX.TAXI";;"ФОРТЕ";"1070";KZT;"ФОРТЕ";"0";KZT;"2020-01-11 00:40:23";"2020-06-12 15:14:14";
2020-01-10;"Платежи, комиссии";"YANDEX.TAXI";;"ФОРТЕ";"1450";KZT;"ФОРТЕ";"0";KZT;"2020-01-10 17:34:04";"2020-06-12 15:14:14";
2020-01-10;"Продукты";"RAHMETAPP.KZ";;"ФОРТЕ";"590";KZT;"ФОРТЕ";"0";KZT;"2020-01-10 08:31:39";"2020-06-12 15:14:14";
2020-01-10;"Платежи, комиссии";"YANDEX.TAXI";;"ФОРТЕ";"500";KZT;"ФОРТЕ";"0";KZT;"2020-01-10 08:07:53";"2020-06-12 15:14:14";
2020-01-10;;;"ТОО РЕДПРАЙС";"ХАЛЫК";"0";KZT;"ХАЛЫК";"60000";KZT;"2020-01-09 23:00:00";"2020-06-12 15:11:12";
2020-01-09;;;"Платеж в интернет банкинге";"ФОРТЕ";"2000";KZT;"ФОРТЕ";"0";KZT;"2020-01-09 09:01:16";"2020-06-12 15:14:14";
2020-01-08;"Машина";"TAXIYANDEX_KZ";;"ФОРТЕ";"750";KZT;"ФОРТЕ";"0";KZT;"2020-01-08 08:03:39";"2020-06-12 15:14:14";
2020-01-08;;;"Кредитная часть p2p перевода через POS";"ФОРТЕ";"0";KZT;"ФОРТЕ";"5000";KZT;"2020-01-08 19:12:14";"2020-06-12 15:14:14";
2020-01-07;;"BAYZAKOVA ST. 280";;"ХАЛЫК";"2000";KZT;"ХАЛЫК";"0";KZT;"2020-01-07 14:58:06";"2020-06-12 15:11:12";
2020-01-07;;"BAYZAKOVA ST. 280";;"ХАЛЫК";"5000";KZT;"ХАЛЫК";"0";KZT;"2020-01-07 14:58:40";"2020-06-12 15:11:12";
2020-01-06;"Платежи, комиссии";"YANDEX.TAXI";;"ФОРТЕ";"510";KZT;"ФОРТЕ";"0";KZT;"2020-01-06 08:33:11";"2020-06-12 15:14:14";
2020-01-06;;"UOLIA SITS PORTAL";;"ФОРТЕ";"616363.61";KZT;"ФОРТЕ";"0";KZT;"2020-01-06 09:45:27";"2020-06-12 15:14:14";
2020-01-06;"Продукты";"RAHMETAPP.KZ";;"ФОРТЕ";"490";KZT;"ФОРТЕ";"0";KZT;"2020-01-06 14:41:42";"2020-06-12 15:14:14";
2020-01-06;;;"Кредитная часть p2p перевода через POS";"ФОРТЕ";"0";KZT;"ФОРТЕ";"20000";KZT;"2020-01-06 09:42:57";"2020-06-12 15:14:14";
2020-01-05;"Продукты";"RAHMETAPP.KZ";;"ФОРТЕ";"2332";KZT;"ФОРТЕ";"0";KZT;"2020-01-05 13:25:19";"2020-06-12 15:14:14";
2020-01-05;;;"ПЕРЕВОД СРЕДСТВ - ВЫХОД РЕДСТВ";"ХАЛЫК";"114750";KZT;"ХАЛЫК";"0";KZT;"2020-01-05 11:39:46";"2020-06-12 15:11:12";
2020-01-05;"Продукты";"FRESH MINIMARKET";;"ХАЛЫК";"1420";KZT;"ХАЛЫК";"0";KZT;"2020-01-05 12:01:52";"2020-06-12 15:11:12";
2020-01-04;;;"REGULAR CHARGE";"ХАЛЫК";"150";KZT;"ХАЛЫК";"0";KZT;"2020-01-04 01:52:04";"2020-06-12 15:11:12";
2020-01-03;"Покупки: одежда, техника";"TOO NEMOS";;"ХАЛЫК";"30030";KZT;"ХАЛЫК";"0";KZT;"2020-01-02 23:00:00";"2020-06-12 15:11:12";
2020-01-01;;;"Кредитная часть p2p перевода через POS";"ФОРТЕ";"0";KZT;"ФОРТЕ";"10000";KZT;"2020-01-01 21:29:20";"2020-06-12 15:14:14";
2020-01-01;"Продукты";"MARWIN SHOP";;"ХАЛЫК";"3750";KZT;"ХАЛЫК";"0";KZT;"2020-01-01 17:17:42";"2020-06-12 15:11:12";
